Workbook

Sheet Gyne Core Doctor (Family)
A1: TERRITORY INFORMATION (EXIUM FIELD FORCE LIST) | G1: CAMPAIGN 1: GYNE CORE DOCTOR DEVELOPMENT (FAMILY PACKAGE - 4 SWEATERS / TERRITORY) | Q1: STATUS
A2: Zone | B2: SAP Region Code | C2: Region | D2: Regional Head | E2: SAP Territory Code | F2: Territory | G2: Doctor Name | H2: Doctor RPL ID | I2: Sweater 1 | J2: Size 1 | K2: Sweater 2 | L2: Size 2 | M2: Sweater 3 | N2: Size 3 | O2: Sweater 4 | P2: Size 4 | Q2: Territory Status
A3: Bogura (GEN-A) | B3: 16020 | C3: Bogura GEN-A-1 | D3: Mr. Farhan Uddin | E3: 13419 | F3: Bogura-11 | Q3: =IF(AND(G3<>"",LEN(H3)=6,I3<>"",J3<>"",K3<>"",L3<>"",M3<>"",N3<>"",O3<>"",P3<>""), "Complete", IF(OR(G3<>"",H3<>"",I3<>"",K3<>"",M3<>"",O3<>""), "In Progress", "Not Started"))
A4: Bogura (GEN-A) | B4: 16020 | C4: Bogura GEN-A-1 | D4: Mr. Farhan Uddin | E4: 14542 | F4: Bogura-13 | Q4: =IF(AND(G4<>"",LEN(H4)=6,I4<>"",J4<>"",K4<>"",L4<>"",M4<>"",N4<>"",O4<>"",P4<>""), "Complete", IF(OR(G4<>"",H4<>"",I4<>"",K4<>"",M4<>"",O4<>""), "In Progress", "Not Started"))
A5: Bogura (GEN-A) | B5: 16020 | C5: Bogura GEN-A-1 | D5: Mr. Farhan Uddin | E5: 10138 | F5: Bogura-3 | Q5: =IF(AND(G5<>"",LEN(H5)=6,I5<>"",J5<>"",K5<>"",L5<>"",M5<>"",N5<>"",O5<>"",P5<>""), "Complete", IF(OR(G5<>"",H5<>"",I5<>"",K5<>"",M5<>"",O5<>""), "In Progress", "Not Started"))
A6: Bogura (GEN-A) | B6: 16020 | C6: Bogura GEN-A-1 | D6: Mr. Farhan Uddin | E6: 10139 | F6: Bogura-8 | Q6: =IF(AND(G6<>"",LEN(H6)=6,I6<>"",J6<>"",K6<>"",L6<>"",M6<>"",N6<>"",O6<>"",P6<>""), "Complete", IF(OR(G6<>"",H6<>"",I6<>"",K6<>"",M6<>"",O6<>""), "In Progress", "Not Started"))
A7: Bogura (GEN-A) | B7: 16020 | C7: Bogura GEN-A-1 | D7: Mr. Farhan Uddin | E7: 10137 | F7: Bogura-9 | Q7: =IF(AND(G7<>"",LEN(H7)=6,I7<>"",J7<>"",K7<>"",L7<>"",M7<>"",N7<>"",O7<>"",P7<>""), "Complete", IF(OR(G7<>"",H7<>"",I7<>"",K7<>"",M7<>"",O7<>""), "In Progress", "Not Started"))
A8: Bogura (GEN-A) | B8: 16020 | C8: Bogura GEN-A-1 | D8: Mr. Farhan Uddin | E8: 10140 | F8: Gabtoly | Q8: =IF(AND(G8<>"",LEN(H8)=6,I8<>"",J8<>"",K8<>"",L8<>"",M8<>"",N8<>"",O8<>"",P8<>""), "Complete", IF(OR(G8<>"",H8<>"",I8<>"",K8<>"",M8<>"",O8<>""), "In Progress", "Not Started"))
A9: Bogura (GEN-A) | B9: 16020 | C9: Bogura GEN-A-1 | D9: Mr. Farhan Uddin | E9: 12199 | F9: Shariakandi-1 | Q9: =IF(AND(G9<>"",LEN(H9)=6,I9<>"",J9<>"",K9<>"",L9<>"",M9<>"",N9<>"",O9<>"",P9<>""), "Complete", IF(OR(G9<>"",H9<>"",I9<>"",K9<>"",M9<>"",O9<>""), "In Progress", "Not Started"))
A10: Bogura (GEN-A) | B10: 16021 | C10: Bogura GEN-A-2 | D10: Md. Alamgir Hossain | E10: 10144 | F10: Bogura-10 | Q10: =IF(AND(G10<>"",LEN(H10)=6,I10<>"",J10<>"",K10<>"",L10<>"",M10<>"",N10<>"",O10<>"",P10<>""), "Complete", IF(OR(G10<>"",H10<>"",I10<>"",K10<>"",M10<>"",O10<>""), "In Progress", "Not Started"))
A11: Bogura (GEN-A) | B11: 16021 | C11: Bogura GEN-A-2 | D11: Md. Alamgir Hossain | E11: 10149 | F11: Bogura-12 | Q11: =IF(AND(G11<>"",LEN(H11)=6,I11<>"",J11<>"",K11<>"",L11<>"",M11<>"",N11<>"",O11<>"",P11<>""), "Complete", IF(OR(G11<>"",H11<>"",I11<>"",K11<>"",M11<>"",O11<>""), "In Progress", "Not Started"))
A12: Bogura (GEN-A) | B12: 16021 | C12: Bogura GEN-A-2 | D12: Md. Alamgir Hossain | E12: 10148 | F12: Bogura-2 | Q12: =IF(AND(G12<>"",LEN(H12)=6,I12<>"",J12<>"",K12<>"",L12<>"",M12<>"",N12<>"",O12<>"",P12<>""), "Complete", IF(OR(G12<>"",H12<>"",I12<>"",K12<>"",M12<>"",O12<>""), "In Progress", "Not Started"))
A13: Bogura (GEN-A) | B13: 16021 | C13: Bogura GEN-A-2 | D13: Md. Alamgir Hossain | E13: 10136 | F13: Bogura-4 | Q13: =IF(AND(G13<>"",LEN(H13)=6,I13<>"",J13<>"",K13<>"",L13<>"",M13<>"",N13<>"",O13<>"",P13<>""), "Complete", IF(OR(G13<>"",H13<>"",I13<>"",K13<>"",M13<>"",O13<>""), "In Progress", "Not Started"))
A14: Bogura (GEN-A) | B14: 16021 | C14: Bogura GEN-A-2 | D14: Md. Alamgir Hossain | E14: 10151 | F14: Shibgonj-1 (Bogura) | Q14: =IF(AND(G14<>"",LEN(H14)=6,I14<>"",J14<>"",K14<>"",L14<>"",M14<>"",N14<>"",O14<>"",P14<>""), "Complete", IF(OR(G14<>"",H14<>"",I14<>"",K14<>"",M14<>"",O14<>""), "In Progress", "Not Started"))
... A1858: Sylhet-B (GEN-A) | B1858: 16099 | C1858: Sylhet GEN-A-4 | D1858: Mr. Md. Millatun Nabi | E1858: 10656 | F1858: Sylhet Stadium-6 | Q1858: =IF(AND(G1858<>"",LEN(H1858)=6,I1858<>"",J1858<>"",K1858<>"",L1858<>"",M1858<>"",N1858<>"",O1858<>"",P1858<>""), "Complete", IF(OR(G1858<>"",H1858<>"",I1858<>"",K1858<>"",M1858<>"",O1858<>""), "In Progress", "Not Started"))

Sheet Core Doctor Maximization
A1: TERRITORY INFORMATION (EXIUM FIELD FORCE LIST) | G1: CAMPAIGN 2: CORE DOCTOR MAXIMIZATION (1 SWEATER / DOCTOR - 3 DOCTORS / TERRITORY) | S1: STATUS
A2: Zone | B2: SAP Region Code | C2: Region | D2: Regional Head | E2: SAP Territory Code | F2: Territory | G2: Doctor 1 Name | H2: Doctor 1 RPL ID | I2: Sweater 1 | J2: Size 1 | K2: Doctor 2 Name | L2: Doctor 2 RPL ID | M2: Sweater 2 | N2: Size 2 | O2: Doctor 3 Name | P2: Doctor 3 RPL ID | Q2: Sweater 3 | R2: Size 3 | S2: Territory Status
A3: Bogura (GEN-A) | B3: 16020 | C3: Bogura GEN-A-1 | D3: Mr. Farhan Uddin | E3: 13419 | F3: Bogura-11 | S3: =IF(AND(G3<>"",LEN(H3)=6,I3<>"",J3<>"",K3<>"",LEN(L3)=6,M3<>"",N3<>"",O3<>"",LEN(P3)=6,Q3<>"",R3<>""), "Complete", IF(OR(G3<>"",H3<>"",I3<>"",J3<>"",K3<>"",L3<>"",M3<>"",N3<>"",O3<>"",P3<>"",Q3<>"",R3<>""), "In Progress", "Not Started"))
A4: Bogura (GEN-A) | B4: 16020 | C4: Bogura GEN-A-1 | D4: Mr. Farhan Uddin | E4: 14542 | F4: Bogura-13 | S4: =IF(AND(G4<>"",LEN(H4)=6,I4<>"",J4<>"",K4<>"",LEN(L4)=6,M4<>"",N4<>"",O4<>"",LEN(P4)=6,Q4<>"",R4<>""), "Complete", IF(OR(G4<>"",H4<>"",I4<>"",J4<>"",K4<>"",L4<>"",M4<>"",N4<>"",O4<>"",P4<>"",Q4<>"",R4<>""), "In Progress", "Not Started"))
A5: Bogura (GEN-A) | B5: 16020 | C5: Bogura GEN-A-1 | D5: Mr. Farhan Uddin | E5: 10138 | F5: Bogura-3 | S5: =IF(AND(G5<>"",LEN(H5)=6,I5<>"",J5<>"",K5<>"",LEN(L5)=6,M5<>"",N5<>"",O5<>"",LEN(P5)=6,Q5<>"",R5<>""), "Complete", IF(OR(G5<>"",H5<>"",I5<>"",J5<>"",K5<>"",L5<>"",M5<>"",N5<>"",O5<>"",P5<>"",Q5<>"",R5<>""), "In Progress", "Not Started"))
A6: Bogura (GEN-A) | B6: 16020 | C6: Bogura GEN-A-1 | D6: Mr. Farhan Uddin | E6: 10139 | F6: Bogura-8 | S6: =IF(AND(G6<>"",LEN(H6)=6,I6<>"",J6<>"",K6<>"",LEN(L6)=6,M6<>"",N6<>"",O6<>"",LEN(P6)=6,Q6<>"",R6<>""), "Complete", IF(OR(G6<>"",H6<>"",I6<>"",J6<>"",K6<>"",L6<>"",M6<>"",N6<>"",O6<>"",P6<>"",Q6<>"",R6<>""), "In Progress", "Not Started"))
A7: Bogura (GEN-A) | B7: 16020 | C7: Bogura GEN-A-1 | D7: Mr. Farhan Uddin | E7: 10137 | F7: Bogura-9 | S7: =IF(AND(G7<>"",LEN(H7)=6,I7<>"",J7<>"",K7<>"",LEN(L7)=6,M7<>"",N7<>"",O7<>"",LEN(P7)=6,Q7<>"",R7<>""), "Complete", IF(OR(G7<>"",H7<>"",I7<>"",J7<>"",K7<>"",L7<>"",M7<>"",N7<>"",O7<>"",P7<>"",Q7<>"",R7<>""), "In Progress", "Not Started"))
A8: Bogura (GEN-A) | B8: 16020 | C8: Bogura GEN-A-1 | D8: Mr. Farhan Uddin | E8: 10140 | F8: Gabtoly | S8: =IF(AND(G8<>"",LEN(H8)=6,I8<>"",J8<>"",K8<>"",LEN(L8)=6,M8<>"",N8<>"",O8<>"",LEN(P8)=6,Q8<>"",R8<>""), "Complete", IF(OR(G8<>"",H8<>"",I8<>"",J8<>"",K8<>"",L8<>"",M8<>"",N8<>"",O8<>"",P8<>"",Q8<>"",R8<>""), "In Progress", "Not Started"))
A9: Bogura (GEN-A) | B9: 16020 | C9: Bogura GEN-A-1 | D9: Mr. Farhan Uddin | E9: 12199 | F9: Shariakandi-1 | S9: =IF(AND(G9<>"",LEN(H9)=6,I9<>"",J9<>"",K9<>"",LEN(L9)=6,M9<>"",N9<>"",O9<>"",LEN(P9)=6,Q9<>"",R9<>""), "Complete", IF(OR(G9<>"",H9<>"",I9<>"",J9<>"",K9<>"",L9<>"",M9<>"",N9<>"",O9<>"",P9<>"",Q9<>"",R9<>""), "In Progress", "Not Started"))
A10: Bogura (GEN-A) | B10: 16021 | C10: Bogura GEN-A-2 | D10: Md. Alamgir Hossain | E10: 10144 | F10: Bogura-10 | S10: =IF(AND(G10<>"",LEN(H10)=6,I10<>"",J10<>"",K10<>"",LEN(L10)=6,M10<>"",N10<>"",O10<>"",LEN(P10)=6,Q10<>"",R10<>""), "Complete", IF(OR(G10<>"",H10<>"",I10<>"",J10<>"",K10<>"",L10<>"",M10<>"",N10<>"",O10<>"",P10<>"",Q10<>"",R10<>""), "In Progress", "Not Started"))
A11: Bogura (GEN-A) | B11: 16021 | C11: Bogura GEN-A-2 | D11: Md. Alamgir Hossain | E11: 10149 | F11: Bogura-12 | S11: =IF(AND(G11<>"",LEN(H11)=6,I11<>"",J11<>"",K11<>"",LEN(L11)=6,M11<>"",N11<>"",O11<>"",LEN(P11)=6,Q11<>"",R11<>""), "Complete", IF(OR(G11<>"",H11<>"",I11<>"",J11<>"",K11<>"",L11<>"",M11<>"",N11<>"",O11<>"",P11<>"",Q11<>"",R11<>""), "In Progress", "Not Started"))
A12: Bogura (GEN-A) | B12: 16021 | C12: Bogura GEN-A-2 | D12: Md. Alamgir Hossain | E12: 10148 | F12: Bogura-2 | S12: =IF(AND(G12<>"",LEN(H12)=6,I12<>"",J12<>"",K12<>"",LEN(L12)=6,M12<>"",N12<>"",O12<>"",LEN(P12)=6,Q12<>"",R12<>""), "Complete", IF(OR(G12<>"",H12<>"",I12<>"",J12<>"",K12<>"",L12<>"",M12<>"",N12<>"",O12<>"",P12<>"",Q12<>"",R12<>""), "In Progress", "Not Started"))
A13: Bogura (GEN-A) | B13: 16021 | C13: Bogura GEN-A-2 | D13: Md. Alamgir Hossain | E13: 10136 | F13: Bogura-4 | S13: =IF(AND(G13<>"",LEN(H13)=6,I13<>"",J13<>"",K13<>"",LEN(L13)=6,M13<>"",N13<>"",O13<>"",LEN(P13)=6,Q13<>"",R13<>""), "Complete", IF(OR(G13<>"",H13<>"",I13<>"",J13<>"",K13<>"",L13<>"",M13<>"",N13<>"",O13<>"",P13<>"",Q13<>"",R13<>""), "In Progress", "Not Started"))
A14: Bogura (GEN-A) | B14: 16021 | C14: Bogura GEN-A-2 | D14: Md. Alamgir Hossain | E14: 10151 | F14: Shibgonj-1 (Bogura) | S14: =IF(AND(G14<>"",LEN(H14)=6,I14<>"",J14<>"",K14<>"",LEN(L14)=6,M14<>"",N14<>"",O14<>"",LEN(P14)=6,Q14<>"",R14<>""), "Complete", IF(OR(G14<>"",H14<>"",I14<>"",J14<>"",K14<>"",L14<>"",M14<>"",N14<>"",O14<>"",P14<>"",Q14<>"",R14<>""), "In Progress", "Not Started"))
... A1858: Sylhet-B (GEN-A) | B1858: 16099 | C1858: Sylhet GEN-A-4 | D1858: Mr. Md. Millatun Nabi | E1858: 10656 | F1858: Sylhet Stadium-6 | S1858: =IF(AND(G1858<>"",LEN(H1858)=6,I1858<>"",J1858<>"",K1858<>"",LEN(L1858)=6,M1858<>"",N1858<>"",O1858<>"",LEN(P1858)=6,Q1858<>"",R1858<>""), "Complete", IF(OR(G1858<>"",H1858<>"",I1858<>"",J1858<>"",K1858<>"",L1858<>"",M1858<>"",N1858<>"",O1858<>"",P1858<>"",Q1858<>"",R1858<>""), "In Progress", "Not Started"))

Sheet Procurement_Summary
A1: EXIUM 4Q'26 SWEATER CAMPAIGN - TOTAL PROCUREMENT REQUIREMENT
A2: Live automated aggregation across Campaign 1 (Family Package) and Campaign 2 (Core Doctor Maximization)
A4: Sweater Design & Description | B4: XS | C4: S | D4: M | E4: L | F4: XL | G4: XXL | H4: TOTAL ORDER
A5: 01 - Men's V-Neck (Grey) | B5: =COUNTIFS('Gyne Core Doctor (Family)'!$I$3:$I$1858, $A5, 'Gyne Core Doctor (Family)'!$J$3:$J$1858, B$4) + COUNTIFS('Gyne Core Doctor (Family)'!$K$3:$K$1858, $A5, 'Gyne Core Doctor (Family)'!$L$3:$L$1858, B$4) + COUNTIFS('Gyne Core Doctor (Family)'!$M$3:$M$1858, $A5, 'Gyne Core Doctor (Family)'!$N$3:$N$1858, B$4) + COUNTIFS('Gyne Core Doctor (Family)'!$O$3:$O$1858, $A5, 'Gyne Core Doctor (Family)'!$P$3:$P$1858, B$4) + COUNTIFS('Core Doctor Maximization'!$I$3:$I$1858, $A5, 'Core Doctor Maximization'!$J$3:$J$1858, B$4) + COUNTIFS('Core Doctor Maximization'!$M$3:$M$1858, $A5, 'Core Doctor Maximization'!$N$3:$N$1858, B$4) + COUNTIFS('Core Doctor Maximization'!$Q$3:$Q$1858, $A5, 'Core Doctor Maximization'!$R$3:$R$1858, B$4) | C5: =COUNTIFS('Gyne Core Doctor (Family)'!$I$3:$I$1858, $A5, 'Gyne Core Doctor (Family)'!$J$3:$J$1858, C$4) + COUNTIFS('Gyne Core Doctor (Family)'!$K$3:$K$1858, $A5, 'Gyne Core Doctor (Family)'!$L$3:$L$1858, C$4) + COUNTIFS('Gyne Core Doctor (Family)'!$M$3:$M$1858, $A5, 'Gyne Core Doctor (Family)'!$N$3:$N$1858, C$4) + COUNTIFS('Gyne Core Doctor (Family)'!$O$3:$O$1858, $A5, 'Gyne Core Doctor (Family)'!$P$3:$P$1858, C$4) + COUNTIFS('Core Doctor Maximization'!$I$3:$I$1858, $A5, 'Core Doctor Maximization'!$J$3:$J$1858, C$4) + COUNTIFS('Core Doctor Maximization'!$M$3:$M$1858, $A5, 'Core Doctor Maximization'!$N$3:$N$1858, C$4) + COUNTIFS('Core Doctor Maximization'!$Q$3:$Q$1858, $A5, 'Core Doctor Maximization'!$R$3:$R$1858, C$4) | D5: =COUNTIFS('Gyne Core Doctor (Family)'!$I$3:$I$1858, $A5, 'Gyne Core Doctor (Family)'!$J$3:$J$1858, D$4) + COUNTIFS('Gyne Core Doctor (Family)'!$K$3:$K$1858, $A5, 'Gyne Core Doctor (Family)'!$L$3:$L$1858, D$4) + COUNTIFS('Gyne Core Doctor (Family)'!$M$3:$M$1858, $A5, 'Gyne Core Doctor (Family)'!$N$3:$N$1858, D$4) + COUNTIFS('Gyne Core Doctor (Family)'!$O$3:$O$1858, $A5, 'Gyne Core Doctor (Family)'!$P$3:$P$1858, D$4) + COUNTIFS('Core Doctor Maximization'!$I$3:$I$1858, $A5, 'Core Doctor Maximization'!$J$3:$J$1858, D$4) + COUNTIFS('Core Doctor Maximization'!$M$3:$M$1858, $A5, 'Core Doctor Maximization'!$N$3:$N$1858, D$4) + COUNTIFS('Core Doctor Maximization'!$Q$3:$Q$1858, $A5, 'Core Doctor Maximization'!$R$3:$R$1858, D$4) | E5: =COUNTIFS('Gyne Core Doctor (Family)'!$I$3:$I$1858, $A5, 'Gyne Core Doctor (Family)'!$J$3:$J$1858, E$4) + COUNTIFS('Gyne Core Doctor (Family)'!$K$3:$K$1858, $A5, 'Gyne Core Doctor (Family)'!$L$3:$L$1858, E$4) + COUNTIFS('Gyne Core Doctor (Family)'!$M$3:$M$1858, $A5, 'Gyne Core Doctor (Family)'!$N$3:$N$1858, E$4) + COUNTIFS('Gyne Core Doctor (Family)'!$O$3:$O$1858, $A5, 'Gyne Core Doctor (Family)'!$P$3:$P$1858, E$4) + COUNTIFS('Core Doctor Maximization'!$I$3:$I$1858, $A5, 'Core Doctor Maximization'!$J$3:$J$1858, E$4) + COUNTIFS('Core Doctor Maximization'!$M$3:$M$1858, $A5, 'Core Doctor Maximization'!$N$3:$N$1858, E$4) + COUNTIFS('Core Doctor Maximization'!$Q$3:$Q$1858, $A5, 'Core Doctor Maximization'!$R$3:$R$1858, E$4) | F5: =COUNTIFS('Gyne Core Doctor (Family)'!$I$3:$I$1858, $A5, 'Gyne Core Doctor (Family)'!$J$3:$J$1858, F$4) + COUNTIFS('Gyne Core Doctor (Family)'!$K$3:$K$1858, $A5, 'Gyne Core Doctor (Family)'!$L$3:$L$1858, F$4) + COUNTIFS('Gyne Core Doctor (Family)'!$M$3:$M$1858, $A5, 'Gyne Core Doctor (Family)'!$N$3:$N$1858, F$4) + COUNTIFS('Gyne Core Doctor (Family)'!$O$3:$O$1858, $A5, 'Gyne Core Doctor (Family)'!$P$3:$P$1858, F$4) + COUNTIFS('Core Doctor Maximization'!$I$3:$I$1858, $A5, 'Core Doctor Maximization'!$J$3:$J$1858, F$4) + COUNTIFS('Core Doctor Maximization'!$M$3:$M$1858, $A5, 'Core Doctor Maximization'!$N$3:$N$1858, F$4) + COUNTIFS('Core Doctor Maximization'!$Q$3:$Q$1858, $A5, 'Core Doctor Maximization'!$R$3:$R$1858, F$4) | G5: =COUNTIFS('Gyne Core Doctor (Family)'!$I$3:$I$1858, $A5, 'Gyne Core Doctor (Family)'!$J$3:$J$1858, G$4) + COUNTIFS('Gyne Core Doctor (Family)'!$K$3:$K$1858, $A5, 'Gyne Core Doctor (Family)'!$L$3:$L$1858, G$4) + COUNTIFS('Gyne Core Doctor (Family)'!$M$3:$M$1858, $A5, 'Gyne Core Doctor (Family)'!$N$3:$N$1858, G$4) + COUNTIFS('Gyne Core Doctor (Family)'!$O$3:$O$1858, $A5, 'Gyne Core Doctor (Family)'!$P$3:$P$1858, G$4) + COUNTIFS('Core Doctor Maximization'!$I$3:$I$1858, $A5, 'Core Doctor Maximization'!$J$3:$J$1858, G$4) + COUNTIFS('Core Doctor Maximization'!$M$3:$M$1858, $A5, 'Core Doctor Maximization'!$N$3:$N$1858, G$4) + COUNTIFS('Core Doctor Maximization'!$Q$3:$Q$1858, $A5, 'Core Doctor Maximization'!$R$3:$R$1858, G$4) | H5: =SUM(B5:G5)
A6: 02 - Men's V-Neck (Navy Blue) | B6: =COUNTIFS('Gyne Core Doctor (Family)'!$I$3:$I$1858, $A6, 'Gyne Core Doctor (Family)'!$J$3:$J$1858, B$4) + COUNTIFS('Gyne Core Doctor (Family)'!$K$3:$K$1858, $A6, 'Gyne Core Doctor (Family)'!$L$3:$L$1858, B$4) + COUNTIFS('Gyne Core Doctor (Family)'!$M$3:$M$1858, $A6, 'Gyne Core Doctor (Family)'!$N$3:$N$1858, B$4) + COUNTIFS('Gyne Core Doctor (Family)'!$O$3:$O$1858, $A6, 'Gyne Core Doctor (Family)'!$P$3:$P$1858, B$4) + COUNTIFS('Core Doctor Maximization'!$I$3:$I$1858, $A6, 'Core Doctor Maximization'!$J$3:$J$1858, B$4) + COUNTIFS('Core Doctor Maximization'!$M$3:$M$1858, $A6, 'Core Doctor Maximization'!$N$3:$N$1858, B$4) + COUNTIFS('Core Doctor Maximization'!$Q$3:$Q$1858, $A6, 'Core Doctor Maximization'!$R$3:$R$1858, B$4) | C6: =COUNTIFS('Gyne Core Doctor (Family)'!$I$3:$I$1858, $A6, 'Gyne Core Doctor (Family)'!$J$3:$J$1858, C$4) + COUNTIFS('Gyne Core Doctor (Family)'!$K$3:$K$1858, $A6, 'Gyne Core Doctor (Family)'!$L$3:$L$1858, C$4) + COUNTIFS('Gyne Core Doctor (Family)'!$M$3:$M$1858, $A6, 'Gyne Core Doctor (Family)'!$N$3:$N$1858, C$4) + COUNTIFS('Gyne Core Doctor (Family)'!$O$3:$O$1858, $A6, 'Gyne Core Doctor (Family)'!$P$3:$P$1858, C$4) + COUNTIFS('Core Doctor Maximization'!$I$3:$I$1858, $A6, 'Core Doctor Maximization'!$J$3:$J$1858, C$4) + COUNTIFS('Core Doctor Maximization'!$M$3:$M$1858, $A6, 'Core Doctor Maximization'!$N$3:$N$1858, C$4) + COUNTIFS('Core Doctor Maximization'!$Q$3:$Q$1858, $A6, 'Core Doctor Maximization'!$R$3:$R$1858, C$4) | D6: =COUNTIFS('Gyne Core Doctor (Family)'!$I$3:$I$1858, $A6, 'Gyne Core Doctor (Family)'!$J$3:$J$1858, D$4) + COUNTIFS('Gyne Core Doctor (Family)'!$K$3:$K$1858, $A6, 'Gyne Core Doctor (Family)'!$L$3:$L$1858, D$4) + COUNTIFS('Gyne Core Doctor (Family)'!$M$3:$M$1858, $A6, 'Gyne Core Doctor (Family)'!$N$3:$N$1858, D$4) + COUNTIFS('Gyne Core Doctor (Family)'!$O$3:$O$1858, $A6, 'Gyne Core Doctor (Family)'!$P$3:$P$1858, D$4) + COUNTIFS('Core Doctor Maximization'!$I$3:$I$1858, $A6, 'Core Doctor Maximization'!$J$3:$J$1858, D$4) + COUNTIFS('Core Doctor Maximization'!$M$3:$M$1858, $A6, 'Core Doctor Maximization'!$N$3:$N$1858, D$4) + COUNTIFS('Core Doctor Maximization'!$Q$3:$Q$1858, $A6, 'Core Doctor Maximization'!$R$3:$R$1858, D$4) | E6: =COUNTIFS('Gyne Core Doctor (Family)'!$I$3:$I$1858, $A6, 'Gyne Core Doctor (Family)'!$J$3:$J$1858, E$4) + COUNTIFS('Gyne Core Doctor (Family)'!$K$3:$K$1858, $A6, 'Gyne Core Doctor (Family)'!$L$3:$L$1858, E$4) + COUNTIFS('Gyne Core Doctor (Family)'!$M$3:$M$1858, $A6, 'Gyne Core Doctor (Family)'!$N$3:$N$1858, E$4) + COUNTIFS('Gyne Core Doctor (Family)'!$O$3:$O$1858, $A6, 'Gyne Core Doctor (Family)'!$P$3:$P$1858, E$4) + COUNTIFS('Core Doctor Maximization'!$I$3:$I$1858, $A6, 'Core Doctor Maximization'!$J$3:$J$1858, E$4) + COUNTIFS('Core Doctor Maximization'!$M$3:$M$1858, $A6, 'Core Doctor Maximization'!$N$3:$N$1858, E$4) + COUNTIFS('Core Doctor Maximization'!$Q$3:$Q$1858, $A6, 'Core Doctor Maximization'!$R$3:$R$1858, E$4) | F6: =COUNTIFS('Gyne Core Doctor (Family)'!$I$3:$I$1858, $A6, 'Gyne Core Doctor (Family)'!$J$3:$J$1858, F$4) + COUNTIFS('Gyne Core Doctor (Family)'!$K$3:$K$1858, $A6, 'Gyne Core Doctor (Family)'!$L$3:$L$1858, F$4) + COUNTIFS('Gyne Core Doctor (Family)'!$M$3:$M$1858, $A6, 'Gyne Core Doctor (Family)'!$N$3:$N$1858, F$4) + COUNTIFS('Gyne Core Doctor (Family)'!$O$3:$O$1858, $A6, 'Gyne Core Doctor (Family)'!$P$3:$P$1858, F$4) + COUNTIFS('Core Doctor Maximization'!$I$3:$I$1858, $A6, 'Core Doctor Maximization'!$J$3:$J$1858, F$4) + COUNTIFS('Core Doctor Maximization'!$M$3:$M$1858, $A6, 'Core Doctor Maximization'!$N$3:$N$1858, F$4) + COUNTIFS('Core Doctor Maximization'!$Q$3:$Q$1858, $A6, 'Core Doctor Maximization'!$R$3:$R$1858, F$4) | G6: =COUNTIFS('Gyne Core Doctor (Family)'!$I$3:$I$1858, $A6, 'Gyne Core Doctor (Family)'!$J$3:$J$1858, G$4) + COUNTIFS('Gyne Core Doctor (Family)'!$K$3:$K$1858, $A6, 'Gyne Core Doctor (Family)'!$L$3:$L$1858, G$4) + COUNTIFS('Gyne Core Doctor (Family)'!$M$3:$M$1858, $A6, 'Gyne Core Doctor (Family)'!$N$3:$N$1858, G$4) + COUNTIFS('Gyne Core Doctor (Family)'!$O$3:$O$1858, $A6, 'Gyne Core Doctor (Family)'!$P$3:$P$1858, G$4) + COUNTIFS('Core Doctor Maximization'!$I$3:$I$1858, $A6, 'Core Doctor Maximization'!$J$3:$J$1858, G$4) + COUNTIFS('Core Doctor Maximization'!$M$3:$M$1858, $A6, 'Core Doctor Maximization'!$N$3:$N$1858, G$4) + COUNTIFS('Core Doctor Maximization'!$Q$3:$Q$1858, $A6, 'Core Doctor Maximization'!$R$3:$R$1858, G$4) | H6: =SUM(B6:G6)
A7: 03 - Men's V-Neck (Cream Check) | B7: =COUNTIFS('Gyne Core Doctor (Family)'!$I$3:$I$1858, $A7, 'Gyne Core Doctor (Family)'!$J$3:$J$1858, B$4) + COUNTIFS('Gyne Core Doctor (Family)'!$K$3:$K$1858, $A7, 'Gyne Core Doctor (Family)'!$L$3:$L$1858, B$4) + COUNTIFS('Gyne Core Doctor (Family)'!$M$3:$M$1858, $A7, 'Gyne Core Doctor (Family)'!$N$3:$N$1858, B$4) + COUNTIFS('Gyne Core Doctor (Family)'!$O$3:$O$1858, $A7, 'Gyne Core Doctor (Family)'!$P$3:$P$1858, B$4) + COUNTIFS('Core Doctor Maximization'!$I$3:$I$1858, $A7, 'Core Doctor Maximization'!$J$3:$J$1858, B$4) + COUNTIFS('Core Doctor Maximization'!$M$3:$M$1858, $A7, 'Core Doctor Maximization'!$N$3:$N$1858, B$4) + COUNTIFS('Core Doctor Maximization'!$Q$3:$Q$1858, $A7, 'Core Doctor Maximization'!$R$3:$R$1858, B$4) | C7: =COUNTIFS('Gyne Core Doctor (Family)'!$I$3:$I$1858, $A7, 'Gyne Core Doctor (Family)'!$J$3:$J$1858, C$4) + COUNTIFS('Gyne Core Doctor (Family)'!$K$3:$K$1858, $A7, 'Gyne Core Doctor (Family)'!$L$3:$L$1858, C$4) + COUNTIFS('Gyne Core Doctor (Family)'!$M$3:$M$1858, $A7, 'Gyne Core Doctor (Family)'!$N$3:$N$1858, C$4) + COUNTIFS('Gyne Core Doctor (Family)'!$O$3:$O$1858, $A7, 'Gyne Core Doctor (Family)'!$P$3:$P$1858, C$4) + COUNTIFS('Core Doctor Maximization'!$I$3:$I$1858, $A7, 'Core Doctor Maximization'!$J$3:$J$1858, C$4) + COUNTIFS('Core Doctor Maximization'!$M$3:$M$1858, $A7, 'Core Doctor Maximization'!$N$3:$N$1858, C$4) + COUNTIFS('Core Doctor Maximization'!$Q$3:$Q$1858, $A7, 'Core Doctor Maximization'!$R$3:$R$1858, C$4) | D7: =COUNTIFS('Gyne Core Doctor (Family)'!$I$3:$I$1858, $A7, 'Gyne Core Doctor (Family)'!$J$3:$J$1858, D$4) + COUNTIFS('Gyne Core Doctor (Family)'!$K$3:$K$1858, $A7, 'Gyne Core Doctor (Family)'!$L$3:$L$1858, D$4) + COUNTIFS('Gyne Core Doctor (Family)'!$M$3:$M$1858, $A7, 'Gyne Core Doctor (Family)'!$N$3:$N$1858, D$4) + COUNTIFS('Gyne Core Doctor (Family)'!$O$3:$O$1858, $A7, 'Gyne Core Doctor (Family)'!$P$3:$P$1858, D$4) + COUNTIFS('Core Doctor Maximization'!$I$3:$I$1858, $A7, 'Core Doctor Maximization'!$J$3:$J$1858, D$4) + COUNTIFS('Core Doctor Maximization'!$M$3:$M$1858, $A7, 'Core Doctor Maximization'!$N$3:$N$1858, D$4) + COUNTIFS('Core Doctor Maximization'!$Q$3:$Q$1858, $A7, 'Core Doctor Maximization'!$R$3:$R$1858, D$4) | E7: =COUNTIFS('Gyne Core Doctor (Family)'!$I$3:$I$1858, $A7, 'Gyne Core Doctor (Family)'!$J$3:$J$1858, E$4) + COUNTIFS('Gyne Core Doctor (Family)'!$K$3:$K$1858, $A7, 'Gyne Core Doctor (Family)'!$L$3:$L$1858, E$4) + COUNTIFS('Gyne Core Doctor (Family)'!$M$3:$M$1858, $A7, 'Gyne Core Doctor (Family)'!$N$3:$N$1858, E$4) + COUNTIFS('Gyne Core Doctor (Family)'!$O$3:$O$1858, $A7, 'Gyne Core Doctor (Family)'!$P$3:$P$1858, E$4) + COUNTIFS('Core Doctor Maximization'!$I$3:$I$1858, $A7, 'Core Doctor Maximization'!$J$3:$J$1858, E$4) + COUNTIFS('Core Doctor Maximization'!$M$3:$M$1858, $A7, 'Core Doctor Maximization'!$N$3:$N$1858, E$4) + COUNTIFS('Core Doctor Maximization'!$Q$3:$Q$1858, $A7, 'Core Doctor Maximization'!$R$3:$R$1858, E$4) | F7: =COUNTIFS('Gyne Core Doctor (Family)'!$I$3:$I$1858, $A7, 'Gyne Core Doctor (Family)'!$J$3:$J$1858, F$4) + COUNTIFS('Gyne Core Doctor (Family)'!$K$3:$K$1858, $A7, 'Gyne Core Doctor (Family)'!$L$3:$L$1858, F$4) + COUNTIFS('Gyne Core Doctor (Family)'!$M$3:$M$1858, $A7, 'Gyne Core Doctor (Family)'!$N$3:$N$1858, F$4) + COUNTIFS('Gyne Core Doctor (Family)'!$O$3:$O$1858, $A7, 'Gyne Core Doctor (Family)'!$P$3:$P$1858, F$4) + COUNTIFS('Core Doctor Maximization'!$I$3:$I$1858, $A7, 'Core Doctor Maximization'!$J$3:$J$1858, F$4) + COUNTIFS('Core Doctor Maximization'!$M$3:$M$1858, $A7, 'Core Doctor Maximization'!$N$3:$N$1858, F$4) + COUNTIFS('Core Doctor Maximization'!$Q$3:$Q$1858, $A7, 'Core Doctor Maximization'!$R$3:$R$1858, F$4) | G7: =COUNTIFS('Gyne Core Doctor (Family)'!$I$3:$I$1858, $A7, 'Gyne Core Doctor (Family)'!$J$3:$J$1858, G$4) + COUNTIFS('Gyne Core Doctor (Family)'!$K$3:$K$1858, $A7, 'Gyne Core Doctor (Family)'!$L$3:$L$1858, G$4) + COUNTIFS('Gyne Core Doctor (Family)'!$M$3:$M$1858, $A7, 'Gyne Core Doctor (Family)'!$N$3:$N$1858, G$4) + COUNTIFS('Gyne Core Doctor (Family)'!$O$3:$O$1858, $A7, 'Gyne Core Doctor (Family)'!$P$3:$P$1858, G$4) + COUNTIFS('Core Doctor Maximization'!$I$3:$I$1858, $A7, 'Core Doctor Maximization'!$J$3:$J$1858, G$4) + COUNTIFS('Core Doctor Maximization'!$M$3:$M$1858, $A7, 'Core Doctor Maximization'!$N$3:$N$1858, G$4) + COUNTIFS('Core Doctor Maximization'!$Q$3:$Q$1858, $A7, 'Core Doctor Maximization'!$R$3:$R$1858, G$4) | H7: =SUM(B7:G7)
A8: 04 - Women's Short Cardigan (Check) | B8: =COUNTIFS('Gyne Core Doctor (Family)'!$I$3:$I$1858, $A8, 'Gyne Core Doctor (Family)'!$J$3:$J$1858, B$4) + COUNTIFS('Gyne Core Doctor (Family)'!$K$3:$K$1858, $A8, 'Gyne Core Doctor (Family)'!$L$3:$L$1858, B$4) + COUNTIFS('Gyne Core Doctor (Family)'!$M$3:$M$1858, $A8, 'Gyne Core Doctor (Family)'!$N$3:$N$1858, B$4) + COUNTIFS('Gyne Core Doctor (Family)'!$O$3:$O$1858, $A8, 'Gyne Core Doctor (Family)'!$P$3:$P$1858, B$4) + COUNTIFS('Core Doctor Maximization'!$I$3:$I$1858, $A8, 'Core Doctor Maximization'!$J$3:$J$1858, B$4) + COUNTIFS('Core Doctor Maximization'!$M$3:$M$1858, $A8, 'Core Doctor Maximization'!$N$3:$N$1858, B$4) + COUNTIFS('Core Doctor Maximization'!$Q$3:$Q$1858, $A8, 'Core Doctor Maximization'!$R$3:$R$1858, B$4) | C8: =COUNTIFS('Gyne Core Doctor (Family)'!$I$3:$I$1858, $A8, 'Gyne Core Doctor (Family)'!$J$3:$J$1858, C$4) + COUNTIFS('Gyne Core Doctor (Family)'!$K$3:$K$1858, $A8, 'Gyne Core Doctor (Family)'!$L$3:$L$1858, C$4) + COUNTIFS('Gyne Core Doctor (Family)'!$M$3:$M$1858, $A8, 'Gyne Core Doctor (Family)'!$N$3:$N$1858, C$4) + COUNTIFS('Gyne Core Doctor (Family)'!$O$3:$O$1858, $A8, 'Gyne Core Doctor (Family)'!$P$3:$P$1858, C$4) + COUNTIFS('Core Doctor Maximization'!$I$3:$I$1858, $A8, 'Core Doctor Maximization'!$J$3:$J$1858, C$4) + COUNTIFS('Core Doctor Maximization'!$M$3:$M$1858, $A8, 'Core Doctor Maximization'!$N$3:$N$1858, C$4) + COUNTIFS('Core Doctor Maximization'!$Q$3:$Q$1858, $A8, 'Core Doctor Maximization'!$R$3:$R$1858, C$4) | D8: =COUNTIFS('Gyne Core Doctor (Family)'!$I$3:$I$1858, $A8, 'Gyne Core Doctor (Family)'!$J$3:$J$1858, D$4) + COUNTIFS('Gyne Core Doctor (Family)'!$K$3:$K$1858, $A8, 'Gyne Core Doctor (Family)'!$L$3:$L$1858, D$4) + COUNTIFS('Gyne Core Doctor (Family)'!$M$3:$M$1858, $A8, 'Gyne Core Doctor (Family)'!$N$3:$N$1858, D$4) + COUNTIFS('Gyne Core Doctor (Family)'!$O$3:$O$1858, $A8, 'Gyne Core Doctor (Family)'!$P$3:$P$1858, D$4) + COUNTIFS('Core Doctor Maximization'!$I$3:$I$1858, $A8, 'Core Doctor Maximization'!$J$3:$J$1858, D$4) + COUNTIFS('Core Doctor Maximization'!$M$3:$M$1858, $A8, 'Core Doctor Maximization'!$N$3:$N$1858, D$4) + COUNTIFS('Core Doctor Maximization'!$Q$3:$Q$1858, $A8, 'Core Doctor Maximization'!$R$3:$R$1858, D$4) | E8: =COUNTIFS('Gyne Core Doctor (Family)'!$I$3:$I$1858, $A8, 'Gyne Core Doctor (Family)'!$J$3:$J$1858, E$4) + COUNTIFS('Gyne Core Doctor (Family)'!$K$3:$K$1858, $A8, 'Gyne Core Doctor (Family)'!$L$3:$L$1858, E$4) + COUNTIFS('Gyne Core Doctor (Family)'!$M$3:$M$1858, $A8, 'Gyne Core Doctor (Family)'!$N$3:$N$1858, E$4) + COUNTIFS('Gyne Core Doctor (Family)'!$O$3:$O$1858, $A8, 'Gyne Core Doctor (Family)'!$P$3:$P$1858, E$4) + COUNTIFS('Core Doctor Maximization'!$I$3:$I$1858, $A8, 'Core Doctor Maximization'!$J$3:$J$1858, E$4) + COUNTIFS('Core Doctor Maximization'!$M$3:$M$1858, $A8, 'Core Doctor Maximization'!$N$3:$N$1858, E$4) + COUNTIFS('Core Doctor Maximization'!$Q$3:$Q$1858, $A8, 'Core Doctor Maximization'!$R$3:$R$1858, E$4) | F8: =COUNTIFS('Gyne Core Doctor (Family)'!$I$3:$I$1858, $A8, 'Gyne Core Doctor (Family)'!$J$3:$J$1858, F$4) + COUNTIFS('Gyne Core Doctor (Family)'!$K$3:$K$1858, $A8, 'Gyne Core Doctor (Family)'!$L$3:$L$1858, F$4) + COUNTIFS('Gyne Core Doctor (Family)'!$M$3:$M$1858, $A8, 'Gyne Core Doctor (Family)'!$N$3:$N$1858, F$4) + COUNTIFS('Gyne Core Doctor (Family)'!$O$3:$O$1858, $A8, 'Gyne Core Doctor (Family)'!$P$3:$P$1858, F$4) + COUNTIFS('Core Doctor Maximization'!$I$3:$I$1858, $A8, 'Core Doctor Maximization'!$J$3:$J$1858, F$4) + COUNTIFS('Core Doctor Maximization'!$M$3:$M$1858, $A8, 'Core Doctor Maximization'!$N$3:$N$1858, F$4) + COUNTIFS('Core Doctor Maximization'!$Q$3:$Q$1858, $A8, 'Core Doctor Maximization'!$R$3:$R$1858, F$4) | G8: =COUNTIFS('Gyne Core Doctor (Family)'!$I$3:$I$1858, $A8, 'Gyne Core Doctor (Family)'!$J$3:$J$1858, G$4) + COUNTIFS('Gyne Core Doctor (Family)'!$K$3:$K$1858, $A8, 'Gyne Core Doctor (Family)'!$L$3:$L$1858, G$4) + COUNTIFS('Gyne Core Doctor (Family)'!$M$3:$M$1858, $A8, 'Gyne Core Doctor (Family)'!$N$3:$N$1858, G$4) + COUNTIFS('Gyne Core Doctor (Family)'!$O$3:$O$1858, $A8, 'Gyne Core Doctor (Family)'!$P$3:$P$1858, G$4) + COUNTIFS('Core Doctor Maximization'!$I$3:$I$1858, $A8, 'Core Doctor Maximization'!$J$3:$J$1858, G$4) + COUNTIFS('Core Doctor Maximization'!$M$3:$M$1858, $A8, 'Core Doctor Maximization'!$N$3:$N$1858, G$4) + COUNTIFS('Core Doctor Maximization'!$Q$3:$Q$1858, $A8, 'Core Doctor Maximization'!$R$3:$R$1858, G$4) | H8: =SUM(B8:G8)
A9: 05 - Women's Semi Long Cardigan (Black) | B9: =COUNTIFS('Gyne Core Doctor (Family)'!$I$3:$I$1858, $A9, 'Gyne Core Doctor (Family)'!$J$3:$J$1858, B$4) + COUNTIFS('Gyne Core Doctor (Family)'!$K$3:$K$1858, $A9, 'Gyne Core Doctor (Family)'!$L$3:$L$1858, B$4) + COUNTIFS('Gyne Core Doctor (Family)'!$M$3:$M$1858, $A9, 'Gyne Core Doctor (Family)'!$N$3:$N$1858, B$4) + COUNTIFS('Gyne Core Doctor (Family)'!$O$3:$O$1858, $A9, 'Gyne Core Doctor (Family)'!$P$3:$P$1858, B$4) + COUNTIFS('Core Doctor Maximization'!$I$3:$I$1858, $A9, 'Core Doctor Maximization'!$J$3:$J$1858, B$4) + COUNTIFS('Core Doctor Maximization'!$M$3:$M$1858, $A9, 'Core Doctor Maximization'!$N$3:$N$1858, B$4) + COUNTIFS('Core Doctor Maximization'!$Q$3:$Q$1858, $A9, 'Core Doctor Maximization'!$R$3:$R$1858, B$4) | C9: =COUNTIFS('Gyne Core Doctor (Family)'!$I$3:$I$1858, $A9, 'Gyne Core Doctor (Family)'!$J$3:$J$1858, C$4) + COUNTIFS('Gyne Core Doctor (Family)'!$K$3:$K$1858, $A9, 'Gyne Core Doctor (Family)'!$L$3:$L$1858, C$4) + COUNTIFS('Gyne Core Doctor (Family)'!$M$3:$M$1858, $A9, 'Gyne Core Doctor (Family)'!$N$3:$N$1858, C$4) + COUNTIFS('Gyne Core Doctor (Family)'!$O$3:$O$1858, $A9, 'Gyne Core Doctor (Family)'!$P$3:$P$1858, C$4) + COUNTIFS('Core Doctor Maximization'!$I$3:$I$1858, $A9, 'Core Doctor Maximization'!$J$3:$J$1858, C$4) + COUNTIFS('Core Doctor Maximization'!$M$3:$M$1858, $A9, 'Core Doctor Maximization'!$N$3:$N$1858, C$4) + COUNTIFS('Core Doctor Maximization'!$Q$3:$Q$1858, $A9, 'Core Doctor Maximization'!$R$3:$R$1858, C$4) | D9: =COUNTIFS('Gyne Core Doctor (Family)'!$I$3:$I$1858, $A9, 'Gyne Core Doctor (Family)'!$J$3:$J$1858, D$4) + COUNTIFS('Gyne Core Doctor (Family)'!$K$3:$K$1858, $A9, 'Gyne Core Doctor (Family)'!$L$3:$L$1858, D$4) + COUNTIFS('Gyne Core Doctor (Family)'!$M$3:$M$1858, $A9, 'Gyne Core Doctor (Family)'!$N$3:$N$1858, D$4) + COUNTIFS('Gyne Core Doctor (Family)'!$O$3:$O$1858, $A9, 'Gyne Core Doctor (Family)'!$P$3:$P$1858, D$4) + COUNTIFS('Core Doctor Maximization'!$I$3:$I$1858, $A9, 'Core Doctor Maximization'!$J$3:$J$1858, D$4) + COUNTIFS('Core Doctor Maximization'!$M$3:$M$1858, $A9, 'Core Doctor Maximization'!$N$3:$N$1858, D$4) + COUNTIFS('Core Doctor Maximization'!$Q$3:$Q$1858, $A9, 'Core Doctor Maximization'!$R$3:$R$1858, D$4) | E9: =COUNTIFS('Gyne Core Doctor (Family)'!$I$3:$I$1858, $A9, 'Gyne Core Doctor (Family)'!$J$3:$J$1858, E$4) + COUNTIFS('Gyne Core Doctor (Family)'!$K$3:$K$1858, $A9, 'Gyne Core Doctor (Family)'!$L$3:$L$1858, E$4) + COUNTIFS('Gyne Core Doctor (Family)'!$M$3:$M$1858, $A9, 'Gyne Core Doctor (Family)'!$N$3:$N$1858, E$4) + COUNTIFS('Gyne Core Doctor (Family)'!$O$3:$O$1858, $A9, 'Gyne Core Doctor (Family)'!$P$3:$P$1858, E$4) + COUNTIFS('Core Doctor Maximization'!$I$3:$I$1858, $A9, 'Core Doctor Maximization'!$J$3:$J$1858, E$4) + COUNTIFS('Core Doctor Maximization'!$M$3:$M$1858, $A9, 'Core Doctor Maximization'!$N$3:$N$1858, E$4) + COUNTIFS('Core Doctor Maximization'!$Q$3:$Q$1858, $A9, 'Core Doctor Maximization'!$R$3:$R$1858, E$4) | F9: =COUNTIFS('Gyne Core Doctor (Family)'!$I$3:$I$1858, $A9, 'Gyne Core Doctor (Family)'!$J$3:$J$1858, F$4) + COUNTIFS('Gyne Core Doctor (Family)'!$K$3:$K$1858, $A9, 'Gyne Core Doctor (Family)'!$L$3:$L$1858, F$4) + COUNTIFS('Gyne Core Doctor (Family)'!$M$3:$M$1858, $A9, 'Gyne Core Doctor (Family)'!$N$3:$N$1858, F$4) + COUNTIFS('Gyne Core Doctor (Family)'!$O$3:$O$1858, $A9, 'Gyne Core Doctor (Family)'!$P$3:$P$1858, F$4) + COUNTIFS('Core Doctor Maximization'!$I$3:$I$1858, $A9, 'Core Doctor Maximization'!$J$3:$J$1858, F$4) + COUNTIFS('Core Doctor Maximization'!$M$3:$M$1858, $A9, 'Core Doctor Maximization'!$N$3:$N$1858, F$4) + COUNTIFS('Core Doctor Maximization'!$Q$3:$Q$1858, $A9, 'Core Doctor Maximization'!$R$3:$R$1858, F$4) | G9: =COUNTIFS('Gyne Core Doctor (Family)'!$I$3:$I$1858, $A9, 'Gyne Core Doctor (Family)'!$J$3:$J$1858, G$4) + COUNTIFS('Gyne Core Doctor (Family)'!$K$3:$K$1858, $A9, 'Gyne Core Doctor (Family)'!$L$3:$L$1858, G$4) + COUNTIFS('Gyne Core Doctor (Family)'!$M$3:$M$1858, $A9, 'Gyne Core Doctor (Family)'!$N$3:$N$1858, G$4) + COUNTIFS('Gyne Core Doctor (Family)'!$O$3:$O$1858, $A9, 'Gyne Core Doctor (Family)'!$P$3:$P$1858, G$4) + COUNTIFS('Core Doctor Maximization'!$I$3:$I$1858, $A9, 'Core Doctor Maximization'!$J$3:$J$1858, G$4) + COUNTIFS('Core Doctor Maximization'!$M$3:$M$1858, $A9, 'Core Doctor Maximization'!$N$3:$N$1858, G$4) + COUNTIFS('Core Doctor Maximization'!$Q$3:$Q$1858, $A9, 'Core Doctor Maximization'!$R$3:$R$1858, G$4) | H9: =SUM(B9:G9)
A10: GRAND TOTAL PIECES | B10: =SUM(B5:B9) | C10: =SUM(C5:C9) | D10: =SUM(D5:D9) | E10: =SUM(E5:E9) | F10: =SUM(F5:F9) | G10: =SUM(G5:G9) | H10: =SUM(H5:H9)

Sheet Catalog_&_Size_Chart
A1: EXIUM MUPS - SWEATER DESIGNS CATALOG & SIZING GUIDE
A3: Code | B3: Gender | C3: Item Description | D3: Pattern / Color | E3: Supplier / Brand | F3: Sizes | G3: Measurement Notes
A4: 01 | B4: Men's | C4: Sleeveless V-Neck Sweater | D4: Solid Ash / Grey Textured | E4: Richman / Lubnan | F4: S, M, L, XL, XXL | G4: Standard Men's regular fit sleeveless V-neck
A5: 02 | B5: Men's | C5: Sleeveless V-Neck Sweater | D5: Solid Navy Blue Textured | E5: Richman / Lubnan | F5: S, M, L, XL, XXL | G5: Standard Men's regular fit sleeveless V-neck
A6: 03 | B6: Men's | C6: Sleeveless V-Neck Sweater | D6: Cream / Off-White Check | E6: Richman / Lubnan | F6: S, M, L, XL, XXL | G6: Men's patterned sleeveless V-neck check
A7: 04 | B7: Women's | C7: Short Cardigan (Button-up) | D7: White & Navy Grid Check | E7: Richman / Lubnan | F7: XS, S, M, L, XL | G7: Women's button-up short stylish cardigan
A8: 05 | B8: Women's | C8: Semi Long Cardigan | D8: Solid Black with Border Trim | E8: Richman / Lubnan | F8: S, M, L, XL, XXL | G8: Women's elegant semi-long open cardigan

Sheet Dropdown_Lists
A1: Sweater_Codes | B1: Sizes
A2: 01 - Men's V-Neck (Grey) | B2: XS
A3: 02 - Men's V-Neck (Navy Blue) | B3: S
A4: 03 - Men's V-Neck (Cream Check) | B4: M
A5: 04 - Women's Short Cardigan (Check) | B5: L
A6: 05 - Women's Semi Long Cardigan (Black) | B6: XL
B7: XXL
